Input,Output,Reference
What is the proper way to turn while skiing?,Shift weight from downhill to uphill ski and lean into the turn.,"To execute a proper turn while skiing, one must initiate the turn by shifting their weight gently from the downhill ski to the uphill ski. This maneuver requires precise balance and control, as well as an understanding of the dynamics of your body and the skis. Additionally, the skier should use their poles for balance and timing, planting the pole in the snow at the beginning of the turn to help pivot their body. It's important to keep your knees slightly bent and your body leaning into the turn for better control and to facilitate a smoother transition between turns."
How do you stop on skis?,Use the 'snowplow' technique for beginners or the parallel stop for advanced skiers.,"Stopping on skis, often referred to as the 'snowplow' or 'pizza' technique for beginners, involves pointing the tips of your skis towards each other and the tails apart, forming a wedge shape. The skier then applies pressure to the edges of the skis and bends their knees while leaning slightly backward. This action increases friction against the snow, allowing the skier to slow down and come to a stop. For more advanced skiers, the parallel stop involves bringing the skis parallel to each other while bending the knees and hips and leaning back, effectively using the ski edges to cut into the snow and reduce speed."
What kind of maintenance do skis require?,"Regularly wax, tune edges, and check bindings.","Maintaining your skis is crucial for optimal performance and safety on the slopes. This includes regular waxing to ensure the skis glide smoothly over the snow, edge tuning to maintain the sharpness necessary for effective turns, and, if necessary, base repairs to address any scratches or damage from rocks or debris. Additionally, it's recommended to check the bindings periodically to ensure they are properly adjusted to the skier's weight and skill level, offering the right balance between safety and performance. Ski maintenance should be performed regularly throughout the season and by a professional at least once a year."
Is it necessary to wear a helmet while skiing?,Helmets are mandatory in most ski resorts.,"Ski helmets come in various designs and functionalities to cater to different skier needs and preferences. The primary types include:

In-Mold Helmets: These helmets are made by fusing the shell and the shock-absorbing foam layer in a single molding process, resulting in a lighter helmet. They are favored for their comfort and lightweight properties, making them ideal for long days on the slopes.

Hard Shell Helmets: Featuring a tough outer shell with a separate foam liner, hard shell helmets offer enhanced durability and are better suited for aggressive skiers or those skiing in rugged conditions. They tend to be heavier but provide superior protection against impacts.

Hybrid Helmets: Combining the benefits of in-mold and hard shell construction, hybrid helmets offer a balance between light weight and durability. They typically feature an in-mold construction for the top part of the helmet for reduced weight, with a hard shell on the lower part for added protection in critical areas.

Full Face Helmets: Designed for racers and those seeking maximum protection, full face helmets cover the entire head and face, similar to motorcycle helmets. They provide the highest level of protection but are heavier and can limit peripheral vision."
How can I improve my skiing technique?,"Practice, take lessons, and learn the mechanics of skiing.","Improving skiing technique requires a combination of practice, instruction, and awareness of one's own abilities and limitations. While this extract does not directly relate to a specific question about equipment maintenance, it highlights the importance of continual learning and skill development in skiing. Key areas for improvement include mastering the fundamentals of balance and posture, understanding the mechanics of turning and stopping, and developing the ability to ski in a variety of conditions and terrains. It's also beneficial to take lessons from certified instructors who can provide personalized feedback and guidance. Additionally, video analysis of one's skiing can offer valuable insights into areas for improvement."
Is it necessary to wear a helmet while skiing?,I don't know.,"Ski helmets come in various designs and functionalities to cater to different skier needs and preferences. The primary types include:

In-Mold Helmets: These helmets are made by fusing the shell and the shock-absorbing foam layer in a single molding process, resulting in a lighter helmet. They are favored for their comfort and lightweight properties, making them ideal for long days on the slopes.

Hard Shell Helmets: Featuring a tough outer shell with a separate foam liner, hard shell helmets offer enhanced durability and are better suited for aggressive skiers or those skiing in rugged conditions. They tend to be heavier but provide superior protection against impacts.

Hybrid Helmets: Combining the benefits of in-mold and hard shell construction, hybrid helmets offer a balance between light weight and durability. They typically feature an in-mold construction for the top part of the helmet for reduced weight, with a hard shell on the lower part for added protection in critical areas.

Full Face Helmets: Designed for racers and those seeking maximum protection, full face helmets cover the entire head and face, similar to motorcycle helmets. They provide the highest level of protection but are heavier and can limit peripheral vision."